<?xml version="1.0" encoding="UTF-8"?>
<!-- Created with TexturePacker http://www.codeandweb.com/texturepacker-->
<!-- $TexturePacker:SmartUpdate:9c080712d5560ddc4bcaa3a18e551cc8:a6ae85b935877ebd50f27d55160f1c2b:e7d49ddee0eb4a99a1cc707a0b5a8883$ -->
<TextureAtlas imagePath="0975_dragontv_building_adapted_for_ads_HD_tweened_dxt5.dds" scale="0.71484375">
    <SubTexture name="Bitmap__15" x="780" y="74" width="87" height="15"/>
    <SubTexture name="SPAM_RearrangedBitmap8126970198" x="2" y="732" width="822" height="69" frameX="-2" frameY="0" frameWidth="846" frameHeight="77"/>
    <SubTexture name="bitmap_1" x="963" y="456" width="57" height="58"/>
    <SubTexture name="bitmap_10" x="706" y="972" width="72" height="36"/>
    <SubTexture name="bitmap_11" x="820" y="884" width="125" height="101" frameX="-4" frameY="-6" frameWidth="135" frameHeight="113"/>
    <SubTexture name="bitmap_11_" x="84" y="993" width="45" height="25"/>
    <SubTexture name="bitmap_12" x="869" y="74" width="17" height="13"/>
    <SubTexture name="bitmap_13" x="563" y="659" width="152" height="47" frameX="-2" frameY="-4" frameWidth="158" frameHeight="55"/>
    <SubTexture name="bitmap_14" x="2" y="803" width="159" height="34" frameX="-2" frameY="-3" frameWidth="165" frameHeight="42"/>
    <SubTexture name="bitmap_15_" x="361" y="642" width="155" height="40" frameX="-2" frameY="-2" frameWidth="161" frameHeight="46"/>
    <SubTexture name="bitmap_16" x="163" y="803" width="154" height="31" frameX="-4" frameY="-4" frameWidth="162" frameHeight="39"/>
    <SubTexture name="bitmap_17_" x="410" y="605" width="159" height="35" frameX="-2" frameY="-2" frameWidth="165" frameHeight="41"/>
    <SubTexture name="bitmap_18" x="355" y="684" width="153" height="42" frameX="-3" frameY="-4" frameWidth="161" frameHeight="50"/>
    <SubTexture name="bitmap_19" x="319" y="803" width="150" height="31" frameX="-4" frameY="-2" frameWidth="158" frameHeight="37"/>
    <SubTexture name="bitmap_2" x="780" y="972" width="38" height="21" frameX="0" frameY="-2" frameWidth="38" frameHeight="23"/>
    <SubTexture name="bitmap_20_" x="948" y="628" width="56" height="15" frameX="-3" frameY="0" frameWidth="62" frameHeight="15"/>
    <SubTexture name="bitmap_21" x="780" y="91" width="62" height="27"/>
    <SubTexture name="bitmap_22_" x="388" y="978" width="62" height="41"/>
    <SubTexture name="bitmap_23" x="289" y="653" width="64" height="56"/>
    <SubTexture name="bitmap_24" x="948" y="568" width="65" height="58" frameX="0" frameY="-2" frameWidth="65" frameHeight="60"/>
    <SubTexture name="bitmap_25" x="146" y="952" width="65" height="41"/>
    <SubTexture name="bitmap_26" x="878" y="987" width="56" height="27"/>
    <SubTexture name="bitmap_27" x="609" y="708" width="45" height="17"/>
    <SubTexture name="bitmap_28" x="963" y="332" width="50" height="62"/>
    <SubTexture name="bitmap_29" x="717" y="707" width="50" height="17"/>
    <SubTexture name="bitmap_3" x="844" y="91" width="49" height="28" frameX="-2" frameY="0" frameWidth="57" frameHeight="28"/>
    <SubTexture name="bitmap_30" x="409" y="889" width="52" height="42"/>
    <SubTexture name="bitmap_31" x="967" y="2" width="50" height="62"/>
    <SubTexture name="bitmap_32" x="720" y="605" width="53" height="40"/>
    <SubTexture name="bitmap_33" x="562" y="708" width="45" height="17" frameX="-6" frameY="0" frameWidth="53" frameHeight="17"/>
    <SubTexture name="bitmap_34" x="84" y="896" width="60" height="55"/>
    <SubTexture name="bitmap_35" x="322" y="928" width="64" height="51"/>
    <SubTexture name="bitmap_36" x="277" y="981" width="56" height="37"/>
    <SubTexture name="bitmap_37" x="510" y="695" width="50" height="27"/>
    <SubTexture name="bitmap_38" x="936" y="1001" width="40" height="14"/>
    <SubTexture name="bitmap_39" x="769" y="707" width="47" height="20"/>
    <SubTexture name="bitmap_4" x="963" y="396" width="57" height="58"/>
    <SubTexture name="bitmap_40" x="213" y="977" width="62" height="43"/>
    <SubTexture name="bitmap_41" x="84" y="839" width="60" height="55"/>
    <SubTexture name="bitmap_42" x="84" y="953" width="51" height="38"/>
    <SubTexture name="bitmap_43" x="432" y="326" width="36" height="7" frameX="0" frameY="0" frameWidth="38" frameHeight="7"/>
    <SubTexture name="bitmap_44" x="963" y="516" width="55" height="42"/>
    <SubTexture name="bitmap_45" x="656" y="708" width="42" height="20"/>
    <SubTexture name="bitmap_5" x="289" y="711" width="55" height="18"/>
    <SubTexture name="bitmap_6" x="820" y="987" width="56" height="31"/>
    <SubTexture name="bitmap_7" x="747" y="128" width="151" height="117" frameX="0" frameY="-2" frameWidth="155" frameHeight="123"/>
    <SubTexture name="bitmap_7_" x="388" y="933" width="61" height="43"/>
    <SubTexture name="bitmap_8" x="2" y="479" width="285" height="251" frameX="-11" frameY="-13" frameWidth="313" frameHeight="275"/>
    <SubTexture name="bitmap_8_" x="720" y="648" width="70" height="57"/>
    <SubTexture name="bitmap_9" x="249" y="928" width="71" height="47"/>
    <SubTexture name="mapa_de_bits_1" x="2" y="340" width="412" height="137" frameX="0" frameY="0" frameWidth="426" frameHeight="147"/>
    <SubTexture name="part_013_png" x="779" y="568" width="167" height="78"/>
    <SubTexture name="part_014_png" x="947" y="884" width="70" height="115"/>
    <SubTexture name="part_015_png" x="2" y="839" width="80" height="165"/>
    <SubTexture name="part_016_png" x="747" y="247" width="240" height="83"/>
    <SubTexture name="part_017_png_png" x="416" y="340" width="361" height="263"/>
    <SubTexture name="part_018_png" x="780" y="2" width="185" height="70"/>
    <SubTexture name="part_019_png" x="289" y="479" width="70" height="172"/>
    <SubTexture name="part_021_png" x="163" y="836" width="84" height="114"/>
    <SubTexture name="part_022_png" x="471" y="830" width="123" height="155"/>
    <SubTexture name="part_023_png" x="605" y="803" width="125" height="133"/>
    <SubTexture name="part_024_png" x="826" y="648" width="182" height="234"/>
    <SubTexture name="part_025_png" x="779" y="332" width="182" height="234"/>
    <SubTexture name="part_026_png" x="329" y="836" width="78" height="90"/>
    <SubTexture name="part_027_png" x="249" y="836" width="78" height="90"/>
    <SubTexture name="part_028_png" x="596" y="938" width="108" height="62"/>
    <SubTexture name="part_029_png" x="432" y="128" width="313" height="196"/>
    <SubTexture name="part_030_png" x="732" y="803" width="86" height="167"/>
    <SubTexture name="part_031_png" x="900" y="74" width="86" height="171"/>
    <SubTexture name="part_032b_1_1_png_png" x="2" y="2" width="428" height="336"/>
    <SubTexture name="part_033_png" x="409" y="836" width="43" height="51"/>
    <SubTexture name="part_034_png" x="518" y="642" width="43" height="51"/>
    <SubTexture name="part_035_png" x="432" y="2" width="346" height="124"/>
    <SubTexture name="part_036_png" x="471" y="803" width="132" height="25"/>
    <SubTexture name="part_038_png" x="361" y="479" width="47" height="161"/>
    <SubTexture name="part_039_png" x="571" y="605" width="147" height="52"/>
</TextureAtlas>
