<?xml version="1.0" encoding="UTF-8"?>
<!-- Created with TexturePacker http://www.codeandweb.com/texturepacker-->
<!-- $TexturePacker:SmartUpdate:24c9edeefa7f05994bbc23a829333039:6b03c7dad89b02a3f96c3cfd3f91b908:30d5422e779b65fd76ba169635a9f52a$ -->
<TextureAtlas imagePath="1698_dragon_dangersaur_b_1_HD_tweened_dxt5.dds" scale="1.06201171875">
    <SubTexture name="layer_001_png" x="479" y="487" width="26" height="22"/>
    <SubTexture name="layer_002_png" x="429" y="432" width="30" height="39"/>
    <SubTexture name="layer_003_png" x="461" y="402" width="47" height="36"/>
    <SubTexture name="layer_004_png" x="321" y="443" width="56" height="32"/>
    <SubTexture name="layer_005_png" x="330" y="417" width="48" height="24"/>
    <SubTexture name="layer_006_png" x="461" y="440" width="39" height="21"/>
    <SubTexture name="layer_007_png" x="457" y="199" width="27" height="63"/>
    <SubTexture name="layer_008_png" x="422" y="199" width="33" height="66"/>
    <SubTexture name="layer_009_png" x="256" y="291" width="63" height="98"/>
    <SubTexture name="layer_010_png" x="416" y="473" width="31" height="29"/>
    <SubTexture name="layer_011_png" x="321" y="477" width="32" height="33"/>
    <SubTexture name="layer_012_png" x="449" y="473" width="28" height="29"/>
    <SubTexture name="layer_014_png" x="170" y="417" width="74" height="76"/>
    <SubTexture name="layer_015_png" x="330" y="377" width="49" height="38"/>
    <SubTexture name="layer_016_png" x="385" y="356" width="77" height="40"/>
    <SubTexture name="layer_017_png" x="256" y="391" width="72" height="43"/>
    <SubTexture name="layer_018_png" x="490" y="2" width="20" height="38"/>
    <SubTexture name="layer_019_png" x="347" y="94" width="101" height="103"/>
    <SubTexture name="layer_020_png" x="2" y="2" width="197" height="167"/>
    <SubTexture name="layer_021_png" x="201" y="2" width="144" height="120"/>
    <SubTexture name="layer_022_png" x="321" y="277" width="62" height="98"/>
    <SubTexture name="layer_023_png" x="460" y="322" width="31" height="29"/>
    <SubTexture name="layer_024_png" x="450" y="162" width="33" height="35"/>
    <SubTexture name="layer_025_png" x="355" y="477" width="28" height="29"/>
    <SubTexture name="layer_027_png" x="346" y="199" width="74" height="76"/>
    <SubTexture name="layer_028_png" x="479" y="463" width="26" height="22"/>
    <SubTexture name="layer_029_png" x="385" y="458" width="29" height="39"/>
    <SubTexture name="layer_030_png" x="464" y="353" width="37" height="47"/>
    <SubTexture name="layer_031_png" x="460" y="264" width="31" height="56"/>
    <SubTexture name="layer_032_png" x="380" y="432" width="47" height="24"/>
    <SubTexture name="layer_033_png" x="485" y="96" width="21" height="39"/>
    <SubTexture name="layer_034_png" x="246" y="480" width="63" height="27"/>
    <SubTexture name="layer_035_png" x="280" y="163" width="64" height="108"/>
    <SubTexture name="layer_036_png" x="168" y="295" width="86" height="120"/>
    <SubTexture name="layer_037_png" x="450" y="94" width="33" height="66"/>
    <SubTexture name="layer_038_png" x="2" y="295" width="99" height="146"/>
    <SubTexture name="layer_039_png" x="201" y="124" width="131" height="37"/>
    <SubTexture name="layer_040_png" x="347" y="2" width="141" height="90"/>
    <SubTexture name="layer_041_png" x="103" y="295" width="63" height="146"/>
    <SubTexture name="layer_042_png" x="381" y="398" width="78" height="32"/>
    <SubTexture name="layer_043_png" x="2" y="171" width="182" height="122"/>
    <SubTexture name="layer_044_png" x="280" y="273" width="26" height="9"/>
    <SubTexture name="layer_045_png" x="490" y="42" width="19" height="36"/>
    <SubTexture name="layer_046_png" x="385" y="277" width="73" height="77"/>
    <SubTexture name="layer_047_png" x="105" y="443" width="63" height="61"/>
    <SubTexture name="layer_048_png" x="490" y="80" width="20" height="14"/>
    <SubTexture name="layer_049_png" x="2" y="443" width="101" height="58"/>
    <SubTexture name="layer_050_png" x="246" y="436" width="73" height="42"/>
    <SubTexture name="layer_069_png" x="186" y="171" width="92" height="118"/>
</TextureAtlas>
