<?xml version="1.0" encoding="UTF-8"?>
<!-- Created with TexturePacker http://www.codeandweb.com/texturepacker-->
<!-- $TexturePacker:SmartUpdate:6b48962243b35c5576e9101143ac9c2b:319ac54808f813a4d64f58e3053855ba:c20f8746448b7581b8a488a5fbfeb99c$ -->
<TextureAtlas imagePath="0857_breedingisland_building_HD_tweened_dxt5.dds" scale="0.65625">
    <SubTexture name="SPAM_RearrangedBitmap5670693666_fx" x="292" y="573" width="21" height="23" frameX="-4" frameY="-3" frameWidth="31" frameHeight="31"/>
    <SubTexture name="SPAM_RearrangedBitmap8126970198" x="773" y="362" width="7" height="8" frameX="0" frameY="0" frameWidth="9" frameHeight="10"/>
    <SubTexture name="part_001_png" x="937" y="481" width="66" height="67"/>
    <SubTexture name="part_002_png" x="806" y="362" width="129" height="139"/>
    <SubTexture name="part_003_png" x="535" y="2" width="250" height="211"/>
    <SubTexture name="part_004_png" x="963" y="837" width="32" height="38"/>
    <SubTexture name="part_005_png" x="807" y="972" width="103" height="26"/>
    <SubTexture name="part_006_png" x="773" y="223" width="227" height="137"/>
    <SubTexture name="part_007_png" x="334" y="573" width="131" height="236"/>
    <SubTexture name="part_008_png" x="467" y="736" width="53" height="70"/>
    <SubTexture name="part_009_png" x="528" y="885" width="103" height="126"/>
    <SubTexture name="part_010_png" x="528" y="736" width="143" height="147"/>
    <SubTexture name="part_011_png" x="535" y="215" width="236" height="155"/>
    <SubTexture name="part_012_png" x="973" y="550" width="27" height="47"/>
    <SubTexture name="part_014_png" x="931" y="550" width="40" height="84"/>
    <SubTexture name="part_015_png" x="787" y="2" width="230" height="219"/>
    <SubTexture name="part_016_png" x="894" y="775" width="105" height="60"/>
    <SubTexture name="part_017_png" x="807" y="881" width="106" height="89"/>
    <SubTexture name="part_018_png" x="777" y="538" width="86" height="149"/>
    <SubTexture name="part_019_png" x="2" y="303" width="288" height="293"/>
    <SubTexture name="part_020_png" x="728" y="372" width="76" height="161"/>
    <SubTexture name="part_020a_png" x="2" y="930" width="161" height="76"/>
    <SubTexture name="part_021_png" x="741" y="888" width="64" height="122"/>
    <SubTexture name="part_021a_png" x="865" y="538" width="64" height="122"/>
    <SubTexture name="part_022_png" x="326" y="2" width="207" height="307"/>
    <SubTexture name="part_023_png" x="673" y="736" width="105" height="150"/>
    <SubTexture name="part_023a_png" x="292" y="465" width="150" height="106"/>
    <SubTexture name="part_024_png" x="937" y="362" width="85" height="117"/>
    <SubTexture name="part_024a_png" x="845" y="689" width="118" height="84"/>
    <SubTexture name="part_025_png" x="2" y="598" width="204" height="330"/>
    <SubTexture name="part_026_png" x="780" y="807" width="112" height="72"/>
    <SubTexture name="part_027_png" x="292" y="311" width="240" height="152"/>
    <SubTexture name="part_028_png" x="915" y="881" width="55" height="36"/>
    <SubTexture name="part_029_png" x="973" y="599" width="30" height="34"/>
    <SubTexture name="part_030_png" x="806" y="503" width="129" height="33"/>
    <SubTexture name="part_031_png" x="334" y="811" width="192" height="188"/>
    <SubTexture name="part_031a_png" x="534" y="372" width="192" height="188"/>
    <SubTexture name="part_032_png" x="622" y="562" width="153" height="172"/>
    <SubTexture name="part_032a_png" x="467" y="562" width="153" height="172"/>
    <SubTexture name="part_033_png" x="780" y="689" width="63" height="116"/>
    <SubTexture name="part_034_png" x="2" y="2" width="322" height="299"/>
    <SubTexture name="part_035_png" x="208" y="598" width="124" height="387"/>
    <SubTexture name="part_036_png" x="728" y="535" width="43" height="25"/>
    <SubTexture name="part_037_png" x="865" y="662" width="26" height="20"/>
    <SubTexture name="part_039_png" x="633" y="1001" width="36" height="21"/>
    <SubTexture name="part_041_png" x="165" y="930" width="38" height="60"/>
    <SubTexture name="part_042_png" x="915" y="919" width="57" height="36"/>
    <SubTexture name="part_043_png" x="894" y="837" width="67" height="42"/>
    <SubTexture name="part_044_png" x="444" y="465" width="76" height="76"/>
    <SubTexture name="part_045_png" x="633" y="888" width="106" height="111"/>
</TextureAtlas>
