<?xml version="1.0" encoding="UTF-8"?>
<!-- Created with TexturePacker http://www.codeandweb.com/texturepacker-->
<!-- $TexturePacker:SmartUpdate:65cf6e872952c54e697843ff73d5965b:cee2a56ca6568c438e2d8fb0a49cf9ef:1493650f9b6a7c2c6990d731ab63b082$ -->
<TextureAtlas imagePath="1952_dragon_scaredycat_1_HD_tweened_dxt5_map.dds" scale="1.1640625">
    <SubTexture name="SPAM_RearrangedBitmap5670693666" x="321" y="472" width="32" height="17"/>
    <SubTexture name="SPAM_RearrangedBitmap8126970198_fx" x="353" y="200" width="4" height="4"/>
    <SubTexture name="part_001_png" x="452" y="369" width="18" height="47"/>
    <SubTexture name="part_002_png" x="458" y="422" width="38" height="23"/>
    <SubTexture name="part_003_png" x="412" y="367" width="18" height="51"/>
    <SubTexture name="part_004_png" x="432" y="369" width="18" height="47"/>
    <SubTexture name="part_005_png" x="472" y="396" width="38" height="24"/>
    <SubTexture name="part_006_png" x="154" y="428" width="18" height="51"/>
    <SubTexture name="part_007_png" x="275" y="441" width="44" height="34"/>
    <SubTexture name="part_008_png" x="132" y="389" width="40" height="37"/>
    <SubTexture name="part_009_png" x="174" y="389" width="61" height="46"/>
    <SubTexture name="part_010_png" x="364" y="200" width="79" height="65"/>
    <SubTexture name="part_011_png" x="306" y="477" width="13" height="26"/>
    <SubTexture name="part_012_png" x="338" y="491" width="26" height="16"/>
    <SubTexture name="part_013_png" x="203" y="479" width="26" height="15"/>
    <SubTexture name="part_014_png" x="364" y="267" width="79" height="48"/>
    <SubTexture name="part_015_png" x="2" y="428" width="95" height="71"/>
    <SubTexture name="part_016_png" x="2" y="339" width="128" height="87"/>
    <SubTexture name="part_017_png" x="370" y="421" width="32" height="32"/>
    <SubTexture name="part_018_png" x="275" y="477" width="29" height="33"/>
    <SubTexture name="part_019_png" x="157" y="2" width="190" height="121"/>
    <SubTexture name="part_020_png" x="150" y="206" width="166" height="93"/>
    <SubTexture name="part_021_png" x="409" y="317" width="27" height="48"/>
    <SubTexture name="part_022_png" x="197" y="497" width="18" height="13"/>
    <SubTexture name="part_023_png" x="321" y="491" width="15" height="19"/>
    <SubTexture name="part_024_png" x="132" y="360" width="16" height="19"/>
    <SubTexture name="part_025_png" x="366" y="491" width="19" height="16"/>
    <SubTexture name="part_026_png" x="308" y="384" width="57" height="52"/>
    <SubTexture name="part_027_png" x="445" y="269" width="62" height="77"/>
    <SubTexture name="part_028_png" x="370" y="455" width="32" height="17"/>
    <SubTexture name="part_029_png" x="404" y="460" width="30" height="16"/>
    <SubTexture name="part_030_png" x="174" y="479" width="27" height="16"/>
    <SubTexture name="part_031_png" x="367" y="379" width="43" height="40"/>
    <SubTexture name="part_032_png" x="171" y="497" width="24" height="13"/>
    <SubTexture name="part_033_png" x="223" y="441" width="50" height="36"/>
    <SubTexture name="part_034_png" x="321" y="438" width="47" height="32"/>
    <SubTexture name="part_035_png" x="355" y="474" width="29" height="15"/>
    <SubTexture name="part_036_png" x="436" y="456" width="15" height="26"/>
    <SubTexture name="part_037_png" x="154" y="481" width="15" height="26"/>
    <SubTexture name="part_038_png" x="350" y="317" width="57" height="60"/>
    <SubTexture name="part_039_png" x="445" y="210" width="65" height="57"/>
    <SubTexture name="part_040_png" x="99" y="428" width="53" height="81"/>
    <SubTexture name="part_041_png" x="174" y="437" width="47" height="40"/>
    <SubTexture name="part_042_png" x="150" y="301" width="93" height="86"/>
    <SubTexture name="part_043_png" x="157" y="125" width="194" height="79"/>
    <SubTexture name="part_044_png" x="245" y="301" width="61" height="138"/>
    <SubTexture name="part_045_png" x="458" y="2" width="52" height="206"/>
    <SubTexture name="part_046_png" x="433" y="418" width="23" height="36"/>
    <SubTexture name="part_047_png" x="404" y="421" width="27" height="37"/>
    <SubTexture name="part_048_png" x="2" y="182" width="146" height="155"/>
    <SubTexture name="part_049_png" x="2" y="2" width="153" height="178"/>
    <SubTexture name="part_050_png" x="438" y="317" width="5" height="11"/>
    <SubTexture name="part_051_png" x="448" y="127" width="8" height="9"/>
    <SubTexture name="part_052_png" x="318" y="206" width="44" height="88"/>
    <SubTexture name="part_053_png" x="308" y="301" width="40" height="81"/>
    <SubTexture name="part_054_01_png" x="448" y="108" width="8" height="17"/>
    <SubTexture name="part_054_02_png" x="150" y="182" width="5" height="17"/>
    <SubTexture name="part_055_png" x="458" y="447" width="30" height="13"/>
    <SubTexture name="part_056_png" x="453" y="462" width="26" height="22"/>
    <SubTexture name="part_057_png" x="349" y="2" width="107" height="104"/>
    <SubTexture name="part_058_png" x="353" y="108" width="93" height="90"/>
    <SubTexture name="part_059_01_png" x="132" y="339" width="16" height="19"/>
    <SubTexture name="part_059_02_png" x="498" y="422" width="10" height="22"/>
    <SubTexture name="part_060_png" x="438" y="348" width="71" height="19"/>
    <SubTexture name="part_061_png" x="472" y="369" width="38" height="25"/>
</TextureAtlas>
