<?xml version="1.0" encoding="UTF-8"?>
<!-- Created with TexturePacker http://www.codeandweb.com/texturepacker-->
<!-- $TexturePacker:SmartUpdate:b59af81973506e64514a39fa95d2ef99:fe32fc61ce20606c28a485e5281197ee:13c7c3074145c1a39aa8fc3f44273a74$ -->
<TextureAtlas imagePath="1941_dragon_soapbubble_b_1_HD_tweened_dxt5.dds" scale="1.0130615234375">
    <SubTexture name="SPAM_RearrangedBitmap3277260825" x="130" y="260" width="12" height="190" frameX="0" frameY="-56" frameWidth="12" frameHeight="246"/>
    <SubTexture name="SPAM_RearrangedBitmap5670693666_fx" x="375" y="394" width="14" height="12" frameX="-1" frameY="-1" frameWidth="20" frameHeight="18"/>
    <SubTexture name="SPAM_RearrangedBitmap7895575093_fx" x="208" y="414" width="10" height="10"/>
    <SubTexture name="SPAM_RearrangedBitmap8126970198" x="391" y="394" width="12" height="8"/>
    <SubTexture name="SPAM_RearrangedBitmap9133181788_fx" x="495" y="450" width="10" height="10"/>
    <SubTexture name="SPAM_RearrangedBitmap9708525171_fx" x="130" y="249" width="9" height="9"/>
    <SubTexture name="layer_002_png" x="362" y="408" width="56" height="66"/>
    <SubTexture name="layer_003_png" x="458" y="450" width="35" height="37"/>
    <SubTexture name="layer_004_png" x="420" y="443" width="36" height="38"/>
    <SubTexture name="layer_005_png" x="298" y="279" width="83" height="56"/>
    <SubTexture name="layer_006_png" x="261" y="163" width="53" height="95"/>
    <SubTexture name="layer_006_png_" x="316" y="181" width="97" height="96"/>
    <SubTexture name="layer_007_png" x="144" y="407" width="62" height="45"/>
    <SubTexture name="layer_007_png_" x="239" y="344" width="58" height="69"/>
    <SubTexture name="layer_008_png" x="230" y="415" width="69" height="66"/>
    <SubTexture name="layer_009_png" x="383" y="287" width="61" height="51"/>
    <SubTexture name="layer_010_png" x="334" y="477" width="25" height="33"/>
    <SubTexture name="layer_011_png" x="362" y="476" width="26" height="34"/>
    <SubTexture name="layer_012_png" x="484" y="385" width="26" height="35"/>
    <SubTexture name="layer_013_png" x="420" y="395" width="47" height="46"/>
    <SubTexture name="layer_014_png" x="44" y="473" width="16" height="32"/>
    <SubTexture name="layer_014_png_" x="299" y="337" width="74" height="69"/>
    <SubTexture name="layer_015_png" x="390" y="491" width="24" height="10"/>
    <SubTexture name="layer_015_png_" x="2" y="218" width="111" height="113"/>
    <SubTexture name="layer_016_png" x="390" y="476" width="28" height="13"/>
    <SubTexture name="layer_016_png_" x="157" y="2" width="159" height="159"/>
    <SubTexture name="layer_017_png" x="390" y="503" width="18" height="7"/>
    <SubTexture name="layer_017_png_" x="234" y="260" width="62" height="82"/>
    <SubTexture name="layer_018_png" x="490" y="226" width="10" height="21"/>
    <SubTexture name="layer_018_png_" x="2" y="473" width="40" height="37"/>
    <SubTexture name="layer_019_png" x="298" y="260" width="8" height="17"/>
    <SubTexture name="layer_019_png_" x="2" y="473" width="40" height="37"/>
    <SubTexture name="layer_020_png" x="489" y="36" width="17" height="17"/>
    <SubTexture name="layer_020_png_" x="64" y="458" width="84" height="52"/>
    <SubTexture name="layer_021_png" x="123" y="249" width="5" height="24"/>
    <SubTexture name="layer_021_png_" x="157" y="163" width="102" height="95"/>
    <SubTexture name="layer_022_png" x="383" y="279" width="24" height="4"/>
    <SubTexture name="layer_022_png_" x="449" y="101" width="61" height="123"/>
    <SubTexture name="layer_023_png" x="489" y="61" width="21" height="4"/>
    <SubTexture name="layer_023_png_" x="415" y="226" width="73" height="59"/>
    <SubTexture name="layer_024_png" x="489" y="55" width="21" height="4"/>
    <SubTexture name="layer_024_png_" x="433" y="344" width="49" height="49"/>
    <SubTexture name="layer_025_png" x="469" y="395" width="6" height="23"/>
    <SubTexture name="layer_025_png_" x="489" y="2" width="21" height="32"/>
    <SubTexture name="layer_026_png" x="262" y="483" width="24" height="8"/>
    <SubTexture name="layer_026_png_" x="150" y="454" width="78" height="52"/>
    <SubTexture name="layer_027_png" x="208" y="407" width="28" height="5"/>
    <SubTexture name="layer_027_png_" x="318" y="101" width="129" height="78"/>
    <SubTexture name="layer_028_png" x="115" y="249" width="6" height="35"/>
    <SubTexture name="layer_028_png_" x="144" y="260" width="88" height="85"/>
    <SubTexture name="layer_029_png" x="2" y="333" width="60" height="138"/>
    <SubTexture name="layer_034_png" x="64" y="333" width="64" height="123"/>
    <SubTexture name="layer_035_png" x="2" y="2" width="153" height="214"/>
    <SubTexture name="layer_036_png" x="375" y="340" width="56" height="52"/>
    <SubTexture name="layer_037_png" x="301" y="477" width="31" height="33"/>
    <SubTexture name="layer_038_png" x="144" y="347" width="93" height="58"/>
    <SubTexture name="layer_039_png" x="301" y="408" width="59" height="67"/>
    <SubTexture name="layer_040_png" x="230" y="415" width="69" height="66"/>
    <SubTexture name="layer_041_png" x="383" y="287" width="61" height="51"/>
    <SubTexture name="layer_042_png" x="415" y="181" width="28" height="39"/>
    <SubTexture name="layer_043_png" x="469" y="422" width="41" height="26"/>
    <SubTexture name="layer_043_png_" x="484" y="344" width="26" height="39"/>
    <SubTexture name="layer_044_png" x="115" y="218" width="40" height="29"/>
    <SubTexture name="layer_064_png" x="446" y="287" width="42" height="55"/>
    <SubTexture name="layer_073_png" x="318" y="2" width="169" height="97"/>
    <SubTexture name="layer_083_png" x="230" y="483" width="30" height="14"/>
</TextureAtlas>
