<?xml version="1.0" encoding="UTF-8"?>
<!-- Created with TexturePacker http://www.codeandweb.com/texturepacker-->
<!-- $TexturePacker:SmartUpdate:906cbed990de05cd0f8980f8395b072f:ef5617c3ac128524d10d2865e5d5637d:980e36490e9e6e540d4ae93d9f9385e2$ -->
<TextureAtlas imagePath="1941_dragon_soapbubble_b_1_HD_tweened_dxt5_map.dds" scale="1.0205078125">
    <SubTexture name="layer_002_png" x="453" y="101" width="57" height="67"/>
    <SubTexture name="layer_003_png" x="194" y="464" width="35" height="37"/>
    <SubTexture name="layer_004_png" x="156" y="464" width="36" height="38"/>
    <SubTexture name="layer_005_png" x="211" y="261" width="83" height="57"/>
    <SubTexture name="layer_006_png" x="264" y="164" width="54" height="95"/>
    <SubTexture name="layer_006_png_" x="320" y="181" width="97" height="96"/>
    <SubTexture name="layer_007_png" x="296" y="363" width="63" height="45"/>
    <SubTexture name="layer_007_png_" x="361" y="331" width="59" height="70"/>
    <SubTexture name="layer_008_png" x="422" y="307" width="70" height="67"/>
    <SubTexture name="layer_009_png" x="219" y="392" width="62" height="52"/>
    <SubTexture name="layer_010_png" x="35" y="477" width="25" height="33"/>
    <SubTexture name="layer_011_png" x="363" y="458" width="26" height="34"/>
    <SubTexture name="layer_012_png" x="391" y="458" width="26" height="35"/>
    <SubTexture name="layer_013_png" x="65" y="462" width="47" height="46"/>
    <SubTexture name="layer_014_png" x="493" y="2" width="16" height="32"/>
    <SubTexture name="layer_014_png_" x="219" y="320" width="75" height="70"/>
    <SubTexture name="layer_015_png_" x="2" y="220" width="112" height="114"/>
    <SubTexture name="layer_016_png_" x="159" y="2" width="160" height="160"/>
    <SubTexture name="layer_017_png_" x="296" y="279" width="63" height="82"/>
    <SubTexture name="layer_018_png_" x="114" y="464" width="40" height="37"/>
    <SubTexture name="layer_019_png_" x="114" y="464" width="40" height="37"/>
    <SubTexture name="layer_020_png_" x="129" y="409" width="84" height="53"/>
    <SubTexture name="layer_021_png_" x="159" y="164" width="103" height="95"/>
    <SubTexture name="layer_022_png_" x="65" y="336" width="62" height="124"/>
    <SubTexture name="layer_023_png_" x="422" y="376" width="74" height="60"/>
    <SubTexture name="layer_024_png_" x="361" y="279" width="50" height="50"/>
    <SubTexture name="layer_025_png_" x="486" y="170" width="21" height="32"/>
    <SubTexture name="layer_026_png_" x="283" y="410" width="78" height="53"/>
    <SubTexture name="layer_027_png_" x="321" y="101" width="130" height="78"/>
    <SubTexture name="layer_028_png_" x="129" y="322" width="88" height="85"/>
    <SubTexture name="layer_029_png" x="2" y="336" width="61" height="139"/>
    <SubTexture name="layer_034_png" x="419" y="181" width="65" height="124"/>
    <SubTexture name="layer_035_png" x="2" y="2" width="155" height="216"/>
    <SubTexture name="layer_036_png" x="363" y="403" width="57" height="53"/>
    <SubTexture name="layer_037_png" x="2" y="477" width="31" height="33"/>
    <SubTexture name="layer_038_png" x="116" y="261" width="93" height="59"/>
    <SubTexture name="layer_039_png" x="422" y="438" width="60" height="68"/>
    <SubTexture name="layer_040_png" x="422" y="307" width="70" height="67"/>
    <SubTexture name="layer_041_png" x="219" y="392" width="62" height="52"/>
    <SubTexture name="layer_042_png" x="116" y="220" width="28" height="39"/>
    <SubTexture name="layer_043_png" x="317" y="465" width="41" height="26"/>
    <SubTexture name="layer_043_png_" x="484" y="438" width="26" height="39"/>
    <SubTexture name="layer_044_png" x="275" y="465" width="40" height="29"/>
    <SubTexture name="layer_064_png" x="231" y="446" width="42" height="56"/>
    <SubTexture name="layer_073_png" x="321" y="2" width="170" height="97"/>
    <SubTexture name="layer_083_png" x="275" y="496" width="30" height="14"/>
</TextureAtlas>
