<?xml version="1.0" encoding="UTF-8"?>
<!-- Created with TexturePacker http://www.codeandweb.com/texturepacker-->
<!-- $TexturePacker:SmartUpdate:d1b8a602ec8052d31538b938bb0e4243:eb218554c7a31188a7960160ff274504:087f0ba906eb28d19c85a0d0fa8f32fc$ -->
<TextureAtlas imagePath="1916_dragon_wandering_1_HD_tweened_dxt5_map.dds" scale="1.0322265625">
    <SubTexture name="layer_001_png" x="307" y="407" width="31" height="55"/>
    <SubTexture name="layer_002_png" x="493" y="180" width="12" height="13"/>
    <SubTexture name="layer_003_png" x="300" y="228" width="17" height="12"/>
    <SubTexture name="layer_004_png" x="320" y="325" width="49" height="48"/>
    <SubTexture name="layer_005_png" x="340" y="407" width="24" height="34"/>
    <SubTexture name="layer_006_png" x="504" y="482" width="6" height="12"/>
    <SubTexture name="layer_007_png" x="477" y="71" width="33" height="23"/>
    <SubTexture name="layer_008_png" x="257" y="458" width="10" height="16"/>
    <SubTexture name="layer_009_png" x="502" y="2" width="8" height="13"/>
    <SubTexture name="layer_010_png" x="270" y="392" width="35" height="52"/>
    <SubTexture name="layer_011_png" x="179" y="131" width="107" height="68"/>
    <SubTexture name="layer_012_png" x="2" y="400" width="102" height="70"/>
    <SubTexture name="layer_013_png" x="199" y="345" width="28" height="54"/>
    <SubTexture name="layer_014_png" x="116" y="245" width="31" height="14"/>
    <SubTexture name="layer_015_png" x="107" y="372" width="61" height="28"/>
    <SubTexture name="layer_016_png" x="455" y="120" width="36" height="73"/>
    <SubTexture name="layer_017_png" x="382" y="196" width="57" height="90"/>
    <SubTexture name="layer_018_png" x="199" y="242" width="61" height="101"/>
    <SubTexture name="layer_019_png" x="229" y="482" width="91" height="28"/>
    <SubTexture name="layer_020_png" x="152" y="245" width="45" height="104"/>
    <SubTexture name="layer_021_png" x="2" y="261" width="103" height="137"/>
    <SubTexture name="layer_022_png" x="394" y="2" width="81" height="116"/>
    <SubTexture name="layer_023_png" x="229" y="440" width="26" height="37"/>
    <SubTexture name="layer_024_png" x="204" y="448" width="15" height="14"/>
    <SubTexture name="layer_025_png" x="477" y="96" width="14" height="12"/>
    <SubTexture name="layer_026_png" x="435" y="420" width="44" height="44"/>
    <SubTexture name="layer_027_png" x="435" y="466" width="37" height="40"/>
    <SubTexture name="layer_028_png" x="493" y="158" width="12" height="20"/>
    <SubTexture name="layer_029_png" x="269" y="446" width="14" height="11"/>
    <SubTexture name="layer_030_png" x="393" y="472" width="40" height="31"/>
    <SubTexture name="layer_031_png" x="257" y="440" width="10" height="16"/>
    <SubTexture name="layer_032_png" x="382" y="288" width="53" height="79"/>
    <SubTexture name="layer_033_png" x="262" y="242" width="56" height="104"/>
    <SubTexture name="layer_034_png" x="182" y="2" width="104" height="127"/>
    <SubTexture name="layer_035_png" x="288" y="2" width="104" height="112"/>
    <SubTexture name="layer_036_png" x="322" y="482" width="27" height="28"/>
    <SubTexture name="layer_037_png" x="2" y="118" width="112" height="141"/>
    <SubTexture name="layer_038_png" x="179" y="201" width="119" height="39"/>
    <SubTexture name="layer_039_png" x="320" y="228" width="60" height="95"/>
    <SubTexture name="layer_040_png" x="300" y="184" width="73" height="42"/>
    <SubTexture name="layer_041_png" x="441" y="196" width="48" height="98"/>
    <SubTexture name="layer_042_png" x="107" y="261" width="43" height="109"/>
    <SubTexture name="layer_043_png" x="123" y="469" width="104" height="31"/>
    <SubTexture name="layer_044_png" x="106" y="402" width="75" height="65"/>
    <SubTexture name="layer_045_png" x="288" y="116" width="86" height="66"/>
    <SubTexture name="layer_046_png" x="229" y="348" width="88" height="42"/>
    <SubTexture name="layer_047_png" x="2" y="2" width="178" height="114"/>
    <SubTexture name="layer_048_png" x="491" y="262" width="19" height="46"/>
    <SubTexture name="layer_049_png" x="493" y="96" width="17" height="41"/>
    <SubTexture name="layer_050_png" x="502" y="17" width="8" height="11"/>
    <SubTexture name="layer_051_png" x="474" y="482" width="28" height="23"/>
    <SubTexture name="layer_052_png" x="170" y="371" width="27" height="17"/>
    <SubTexture name="layer_053_png" x="288" y="184" width="10" height="10"/>
    <SubTexture name="layer_054_png" x="183" y="448" width="19" height="13"/>
    <SubTexture name="layer_055_png" x="319" y="375" width="41" height="30"/>
    <SubTexture name="layer_056_png" x="351" y="505" width="10" height="5"/>
    <SubTexture name="layer_057_png" x="474" y="466" width="5" height="5"/>
    <SubTexture name="layer_058_png" x="116" y="118" width="61" height="125"/>
    <SubTexture name="layer_059_png" x="2" y="472" width="119" height="35"/>
    <SubTexture name="layer_060_png" x="491" y="195" width="19" height="65"/>
    <SubTexture name="layer_061_png" x="351" y="445" width="81" height="25"/>
    <SubTexture name="layer_062_png" x="437" y="348" width="48" height="20"/>
    <SubTexture name="layer_063_png" x="477" y="2" width="23" height="67"/>
    <SubTexture name="layer_064_png" x="437" y="296" width="48" height="50"/>
    <SubTexture name="layer_065_png" x="229" y="392" width="39" height="46"/>
    <SubTexture name="layer_066_png" x="493" y="139" width="17" height="17"/>
    <SubTexture name="layer_067_png" x="481" y="420" width="29" height="60"/>
    <SubTexture name="layer_068_png" x="152" y="351" width="43" height="18"/>
    <SubTexture name="layer_069_png" x="351" y="472" width="40" height="31"/>
    <SubTexture name="layer_070_png" x="435" y="370" width="66" height="48"/>
    <SubTexture name="layer_071_png" x="371" y="369" width="62" height="74"/>
    <SubTexture name="layer_072_png" x="376" y="120" width="77" height="74"/>
    <SubTexture name="layer_073_png" x="183" y="401" width="43" height="45"/>
</TextureAtlas>
