<?xml version="1.0" encoding="UTF-8"?>
<!-- Created with TexturePacker http://www.codeandweb.com/texturepacker-->
<!-- $TexturePacker:SmartUpdate:3bc8c54f64c48925ababf4880ef3054d:2cda0d13549b163f95de426253615833:5818fc35d185681d937be920480a6ce2$ -->
<TextureAtlas imagePath="1499_dragon_meditation_1_HD_tweened_dxt5_map.dds" scale="1.34375">
    <SubTexture name="SPAM_RearrangedBitmap1006995913" x="134" y="85" width="77" height="67"/>
    <SubTexture name="SPAM_RearrangedBitmap1026128579" x="65" y="234" width="16" height="18"/>
    <SubTexture name="SPAM_RearrangedBitmap1101841976" x="213" y="96" width="36" height="30"/>
    <SubTexture name="SPAM_RearrangedBitmap1490119599" x="65" y="124" width="67" height="55"/>
    <SubTexture name="SPAM_RearrangedBitmap1671734047" x="2" y="174" width="61" height="75"/>
    <SubTexture name="SPAM_RearrangedBitmap1894464784" x="241" y="174" width="12" height="24"/>
    <SubTexture name="SPAM_RearrangedBitmap2109201241" x="211" y="174" width="28" height="29"/>
    <SubTexture name="SPAM_RearrangedBitmap29130765" x="224" y="64" width="29" height="30"/>
    <SubTexture name="SPAM_RearrangedBitmap2943053712" x="213" y="128" width="33" height="16"/>
    <SubTexture name="SPAM_RearrangedBitmap3277260825" x="183" y="229" width="26" height="25"/>
    <SubTexture name="SPAM_RearrangedBitmap3672508151" x="224" y="38" width="30" height="24"/>
    <SubTexture name="SPAM_RearrangedBitmap3944694877" x="224" y="2" width="30" height="34"/>
    <SubTexture name="SPAM_RearrangedBitmap4013989714" x="2" y="124" width="52" height="48"/>
    <SubTexture name="SPAM_RearrangedBitmap4077509624" x="134" y="2" width="88" height="81"/>
    <SubTexture name="SPAM_RearrangedBitmap4456335529" x="65" y="181" width="59" height="51"/>
    <SubTexture name="SPAM_RearrangedBitmap5265554453" x="132" y="232" width="10" height="13"/>
    <SubTexture name="SPAM_RearrangedBitmap5516101102" x="213" y="146" width="32" height="26"/>
    <SubTexture name="SPAM_RearrangedBitmap5556315498" x="83" y="234" width="28" height="17"/>
    <SubTexture name="SPAM_RearrangedBitmap5603749268" x="134" y="154" width="75" height="38"/>
    <SubTexture name="SPAM_RearrangedBitmap5670693666" x="83" y="234" width="28" height="17"/>
    <SubTexture name="SPAM_RearrangedBitmap595760024" x="126" y="194" width="55" height="36"/>
    <SubTexture name="SPAM_RearrangedBitmap6576889203" x="183" y="229" width="26" height="25"/>
    <SubTexture name="SPAM_RearrangedBitmap669860168" x="211" y="205" width="25" height="34"/>
    <SubTexture name="SPAM_RearrangedBitmap7419318374" x="238" y="205" width="14" height="26"/>
    <SubTexture name="SPAM_RearrangedBitmap7895575093" x="2" y="124" width="52" height="48"/>
    <SubTexture name="SPAM_RearrangedBitmap8126970198" x="132" y="232" width="10" height="13"/>
    <SubTexture name="SPAM_RearrangedBitmap8405129396" x="183" y="194" width="26" height="33"/>
    <SubTexture name="SPAM_RearrangedBitmap8449238453" x="2" y="2" width="130" height="120"/>
    <SubTexture name="SPAM_RearrangedBitmap9133181788" x="134" y="2" width="88" height="81"/>
    <SubTexture name="SPAM_RearrangedBitmap9649242495" x="213" y="128" width="33" height="16"/>
    <SubTexture name="SPAM_RearrangedBitmap9708525171" x="224" y="64" width="29" height="30"/>
    <SubTexture name="SPAM_RearrangedBitmap9943812345" x="113" y="234" width="17" height="16"/>
    <SubTexture name="SPAM_RearrangedBitmap9992403159" x="211" y="205" width="25" height="34"/>
</TextureAtlas>
