<?xml version="1.0" encoding="UTF-8"?>
<!-- Created with TexturePacker http://www.codeandweb.com/texturepacker-->
<!-- $TexturePacker:SmartUpdate:f9ace5ee899531f7dccdd4e373de9dda:e6dee7223c7e5fd5c1ffb3de635f2def:0e63a8d8f37af39bd0baa451372236ce$ -->
<TextureAtlas imagePath="1499_dragon_meditation_1_HD_tweened_dxt5.dds" scale="1.0546875">
    <SubTexture name="Bitmap_1" x="137" y="186" width="12" height="12" frameX="0" frameY="-1" frameWidth="16" frameHeight="16"/>
    <SubTexture name="Bitmap_10" x="146" y="223" width="21" height="21" frameX="0" frameY="0" frameWidth="23" frameHeight="23"/>
    <SubTexture name="Bitmap_11" x="136" y="200" width="21" height="21" frameX="0" frameY="0" frameWidth="25" frameHeight="25"/>
    <SubTexture name="Bitmap_12" x="123" y="227" width="21" height="21" frameX="0" frameY="0" frameWidth="25" frameHeight="25"/>
    <SubTexture name="Bitmap_13" x="113" y="204" width="21" height="21" frameX="-1" frameY="-1" frameWidth="27" frameHeight="27"/>
    <SubTexture name="Bitmap_14" x="52" y="98" width="23" height="23" frameX="0" frameY="0" frameWidth="27" frameHeight="27"/>
    <SubTexture name="Bitmap_15" x="52" y="124" width="23" height="23" frameX="-1" frameY="-2" frameWidth="29" frameHeight="29"/>
    <SubTexture name="Bitmap_16" x="77" y="98" width="25" height="25" frameX="-1" frameY="-2" frameWidth="31" frameHeight="31"/>
    <SubTexture name="Bitmap_17" x="226" y="140" width="25" height="25" frameX="-1" frameY="-2" frameWidth="31" frameHeight="31"/>
    <SubTexture name="Bitmap_18" x="27" y="98" width="23" height="23" frameX="-1" frameY="-2" frameWidth="29" frameHeight="29"/>
    <SubTexture name="Bitmap_19" x="27" y="124" width="23" height="23" frameX="-1" frameY="-2" frameWidth="29" frameHeight="29"/>
    <SubTexture name="Bitmap_2" x="123" y="186" width="12" height="12" frameX="0" frameY="-1" frameWidth="16" frameHeight="16"/>
    <SubTexture name="Bitmap_20" x="2" y="124" width="23" height="23" frameX="0" frameY="0" frameWidth="27" frameHeight="27"/>
    <SubTexture name="Bitmap_21" x="67" y="209" width="21" height="23" frameX="-1" frameY="0" frameWidth="27" frameHeight="27"/>
    <SubTexture name="Bitmap_22" x="100" y="229" width="21" height="21" frameX="0" frameY="0" frameWidth="25" frameHeight="25"/>
    <SubTexture name="Bitmap_23" x="234" y="230" width="19" height="19" frameX="-1" frameY="-2" frameWidth="25" frameHeight="25"/>
    <SubTexture name="Bitmap_24" x="213" y="230" width="19" height="19" frameX="0" frameY="0" frameWidth="23" frameHeight="23"/>
    <SubTexture name="Bitmap_25" x="234" y="209" width="19" height="19" frameX="0" frameY="0" frameWidth="21" frameHeight="21"/>
    <SubTexture name="Bitmap_26" x="187" y="167" width="17" height="17" frameX="0" frameY="-1" frameWidth="21" frameHeight="21"/>
    <SubTexture name="Bitmap_27" x="238" y="66" width="16" height="16" frameX="0" frameY="0" frameWidth="18" frameHeight="18"/>
    <SubTexture name="Bitmap_28" x="109" y="190" width="12" height="12" frameX="-1" frameY="-2" frameWidth="18" frameHeight="18"/>
    <SubTexture name="Bitmap_29" x="95" y="192" width="12" height="12" frameX="-1" frameY="-2" frameWidth="18" frameHeight="18"/>
    <SubTexture name="Bitmap_3" x="81" y="192" width="12" height="12" frameX="0" frameY="-1" frameWidth="16" frameHeight="16"/>
    <SubTexture name="Bitmap_30" x="56" y="149" width="12" height="12" frameX="-1" frameY="-2" frameWidth="18" frameHeight="18"/>
    <SubTexture name="Bitmap_31" x="179" y="186" width="12" height="10" frameX="0" frameY="-1" frameWidth="16" frameHeight="14"/>
    <SubTexture name="Bitmap_32" x="183" y="243" width="12" height="10" frameX="0" frameY="-1" frameWidth="16" frameHeight="14"/>
    <SubTexture name="Bitmap_33" x="169" y="243" width="12" height="10" frameX="0" frameY="-1" frameWidth="16" frameHeight="14"/>
    <SubTexture name="Bitmap_34" x="50" y="195" width="14" height="12" frameX="0" frameY="0" frameWidth="16" frameHeight="14"/>
    <SubTexture name="Bitmap_35" x="61" y="238" width="14" height="12" frameX="0" frameY="0" frameWidth="16" frameHeight="14"/>
    <SubTexture name="Bitmap_36" x="45" y="238" width="14" height="12" frameX="0" frameY="-1" frameWidth="18" frameHeight="16"/>
    <SubTexture name="Bitmap_37" x="160" y="124" width="14" height="12" frameX="0" frameY="-1" frameWidth="18" frameHeight="16"/>
    <SubTexture name="Bitmap_38" x="40" y="149" width="14" height="12" frameX="0" frameY="-1" frameWidth="18" frameHeight="16"/>
    <SubTexture name="Bitmap_39" x="98" y="148" width="19" height="17" frameX="0" frameY="-1" frameWidth="23" frameHeight="21"/>
    <SubTexture name="Bitmap_4" x="238" y="84" width="14" height="14" frameX="0" frameY="0" frameWidth="16" frameHeight="16"/>
    <SubTexture name="Bitmap_40" x="77" y="148" width="19" height="17" frameX="0" frameY="-1" frameWidth="23" frameHeight="21"/>
    <SubTexture name="Bitmap_41" x="213" y="209" width="19" height="19" frameX="-1" frameY="0" frameWidth="25" frameHeight="23"/>
    <SubTexture name="Bitmap_42" x="235" y="188" width="19" height="19" frameX="-1" frameY="-1" frameWidth="25" frameHeight="23"/>
    <SubTexture name="Bitmap_43" x="214" y="188" width="19" height="19" frameX="-2" frameY="-2" frameWidth="27" frameHeight="25"/>
    <SubTexture name="Bitmap_44" x="119" y="143" width="21" height="21" frameX="-1" frameY="0" frameWidth="27" frameHeight="25"/>
    <SubTexture name="Bitmap_45" x="97" y="167" width="21" height="21" frameX="-2" frameY="-2" frameWidth="29" frameHeight="27"/>
    <SubTexture name="Bitmap_46" x="97" y="167" width="21" height="21" frameX="-2" frameY="-2" frameWidth="29" frameHeight="27"/>
    <SubTexture name="Bitmap_47" x="90" y="206" width="21" height="21" frameX="-1" frameY="0" frameWidth="27" frameHeight="25"/>
    <SubTexture name="Bitmap_48" x="235" y="167" width="19" height="19" frameX="-2" frameY="-2" frameWidth="27" frameHeight="25"/>
    <SubTexture name="Bitmap_49" x="214" y="167" width="19" height="19" frameX="-1" frameY="-1" frameWidth="25" frameHeight="23"/>
    <SubTexture name="Bitmap_5" x="240" y="50" width="14" height="14" frameX="0" frameY="0" frameWidth="16" frameHeight="16"/>
    <SubTexture name="Bitmap_50" x="193" y="186" width="19" height="19" frameX="-1" frameY="0" frameWidth="25" frameHeight="23"/>
    <SubTexture name="Bitmap_51" x="192" y="219" width="19" height="19" frameX="0" frameY="0" frameWidth="23" frameHeight="21"/>
    <SubTexture name="Bitmap_52" x="168" y="167" width="17" height="17" frameX="-1" frameY="-1" frameWidth="23" frameHeight="21"/>
    <SubTexture name="Bitmap_53" x="149" y="167" width="17" height="17" frameX="-2" frameY="-1" frameWidth="23" frameHeight="21"/>
    <SubTexture name="Bitmap_54" x="160" y="110" width="14" height="12" frameX="0" frameY="-1" frameWidth="18" frameHeight="16"/>
    <SubTexture name="Bitmap_55" x="160" y="96" width="14" height="12" frameX="0" frameY="-1" frameWidth="18" frameHeight="16"/>
    <SubTexture name="Bitmap_56" x="160" y="82" width="14" height="12" frameX="0" frameY="0" frameWidth="16" frameHeight="14"/>
    <SubTexture name="Bitmap_57" x="160" y="68" width="14" height="12" frameX="0" frameY="0" frameWidth="16" frameHeight="14"/>
    <SubTexture name="Bitmap_58" x="175" y="149" width="12" height="10" frameX="0" frameY="-1" frameWidth="16" frameHeight="14"/>
    <SubTexture name="Bitmap_59" x="165" y="186" width="12" height="10" frameX="0" frameY="-1" frameWidth="16" frameHeight="14"/>
    <SubTexture name="Bitmap_6" x="240" y="34" width="14" height="14" frameX="0" frameY="-1" frameWidth="18" frameHeight="18"/>
    <SubTexture name="Bitmap_60" x="151" y="186" width="12" height="10" frameX="0" frameY="-1" frameWidth="16" frameHeight="14"/>
    <SubTexture name="Bitmap_7" x="240" y="18" width="14" height="14" frameX="0" frameY="-1" frameWidth="18" frameHeight="18"/>
    <SubTexture name="Bitmap_8" x="240" y="2" width="14" height="14" frameX="0" frameY="-1" frameWidth="18" frameHeight="18"/>
    <SubTexture name="Bitmap_9" x="172" y="198" width="19" height="19" frameX="-1" frameY="-1" frameWidth="23" frameHeight="23"/>
    <SubTexture name="SPAM_RearrangedBitmap1006995913" x="177" y="2" width="61" height="52"/>
    <SubTexture name="SPAM_RearrangedBitmap1026128579" x="2" y="149" width="12" height="14"/>
    <SubTexture name="SPAM_RearrangedBitmap1101841976" x="226" y="100" width="28" height="24"/>
    <SubTexture name="SPAM_RearrangedBitmap1490119599" x="106" y="68" width="52" height="43"/>
    <SubTexture name="SPAM_RearrangedBitmap1542957562" x="106" y="2" width="69" height="64"/>
    <SubTexture name="SPAM_RearrangedBitmap1671734047" x="176" y="88" width="48" height="59"/>
    <SubTexture name="SPAM_RearrangedBitmap1894464784" x="149" y="113" width="9" height="18"/>
    <SubTexture name="SPAM_RearrangedBitmap2109201241" x="73" y="167" width="22" height="23"/>
    <SubTexture name="SPAM_RearrangedBitmap29130765" x="2" y="98" width="23" height="24"/>
    <SubTexture name="SPAM_RearrangedBitmap2943053712" x="226" y="126" width="26" height="12"/>
    <SubTexture name="SPAM_RearrangedBitmap3277260825" x="169" y="221" width="21" height="20"/>
    <SubTexture name="SPAM_RearrangedBitmap3672508151" x="123" y="166" width="24" height="18"/>
    <SubTexture name="SPAM_RearrangedBitmap3758818261" x="16" y="149" width="22" height="13"/>
    <SubTexture name="SPAM_RearrangedBitmap3944694877" x="149" y="138" width="24" height="27"/>
    <SubTexture name="SPAM_RearrangedBitmap4013989714" x="2" y="209" width="41" height="37"/>
    <SubTexture name="SPAM_RearrangedBitmap4077509624" x="106" y="2" width="69" height="64"/>
    <SubTexture name="SPAM_RearrangedBitmap4326876870" x="77" y="234" width="21" height="20"/>
    <SubTexture name="SPAM_RearrangedBitmap4456335529" x="2" y="167" width="46" height="40"/>
    <SubTexture name="SPAM_RearrangedBitmap4482183566" x="45" y="209" width="20" height="27"/>
    <SubTexture name="SPAM_RearrangedBitmap5265554453" x="226" y="88" width="8" height="10"/>
    <SubTexture name="SPAM_RearrangedBitmap5516101102" x="77" y="125" width="25" height="21"/>
    <SubTexture name="SPAM_RearrangedBitmap5556315498" x="16" y="149" width="22" height="13"/>
    <SubTexture name="SPAM_RearrangedBitmap5584909574" x="226" y="88" width="8" height="10"/>
    <SubTexture name="SPAM_RearrangedBitmap5603749268" x="177" y="56" width="59" height="30"/>
    <SubTexture name="SPAM_RearrangedBitmap5670693666" x="16" y="149" width="22" height="13"/>
    <SubTexture name="SPAM_RearrangedBitmap595760024" x="104" y="113" width="43" height="28"/>
    <SubTexture name="SPAM_RearrangedBitmap6576889203" x="169" y="221" width="21" height="20"/>
    <SubTexture name="SPAM_RearrangedBitmap669860168" x="45" y="209" width="20" height="27"/>
    <SubTexture name="SPAM_RearrangedBitmap6983673924_fx" x="2" y="248" width="3" height="3"/>
    <SubTexture name="SPAM_RearrangedBitmap7419318374" x="159" y="198" width="11" height="21"/>
    <SubTexture name="SPAM_RearrangedBitmap7895575093" x="2" y="209" width="41" height="37"/>
    <SubTexture name="SPAM_RearrangedBitmap8126970198" x="226" y="88" width="8" height="10"/>
    <SubTexture name="SPAM_RearrangedBitmap8405129396" x="50" y="167" width="21" height="26"/>
    <SubTexture name="SPAM_RearrangedBitmap8449238453" x="2" y="2" width="102" height="94"/>
    <SubTexture name="SPAM_RearrangedBitmap8653180432" x="2" y="209" width="41" height="37"/>
    <SubTexture name="SPAM_RearrangedBitmap9133181788" x="106" y="2" width="69" height="64"/>
    <SubTexture name="SPAM_RearrangedBitmap9649242495" x="226" y="126" width="26" height="12"/>
    <SubTexture name="SPAM_RearrangedBitmap9708525171" x="2" y="98" width="23" height="24"/>
    <SubTexture name="SPAM_RearrangedBitmap9943812345" x="66" y="195" width="13" height="12"/>
    <SubTexture name="SPAM_RearrangedBitmap9992403159" x="45" y="209" width="20" height="27"/>
</TextureAtlas>
