<?xml version="1.0" encoding="UTF-8"?>
<!-- Created with TexturePacker http://www.codeandweb.com/texturepacker-->
<!-- $TexturePacker:SmartUpdate:d79b4fdb7bfb3ddd8af86a5614220c32:6e69fb9eefa23b3b050ab5ca5f13c0f0:d48788a29f3c068f341b5ac5ebaabc5f$ -->
<TextureAtlas imagePath="battlepass_mainmap_c_HD_tweened_dxt5.dds" scale="0.9404296875">
    <SubTexture name="Base" x="271" y="423" width="333" height="315"/>
    <SubTexture name="Bottom" x="600" y="2" width="257" height="295"/>
    <SubTexture name="Gem" x="639" y="299" width="202" height="202"/>
    <SubTexture name="Indent" x="606" y="529" width="199" height="199"/>
    <SubTexture name="SPAM_RearrangedBitmap5670693666" x="954" y="309" width="45" height="45" frameX="-4" frameY="-4" frameWidth="53" frameHeight="51"/>
    <SubTexture name="SPAM_RearrangedBitmap8126970198" x="585" y="382" width="30" height="30"/>
    <SubTexture name="big_shine_png" x="98" y="766" width="263" height="254"/>
    <SubTexture name="bitmap_1" x="2" y="1013" width="1" height="1" frameX="0" frameY="0" frameWidth="3" frameHeight="1"/>
    <SubTexture name="left_wing__" x="830" y="864" width="189" height="156"/>
    <SubTexture name="left_wing___" x="639" y="864" width="189" height="156"/>
    <SubTexture name="mapa_de_bits_1" x="2" y="2" width="438" height="419"/>
    <SubTexture name="mapa_de_bits_10" x="859" y="200" width="51" height="140"/>
    <SubTexture name="mapa_de_bits_11" x="912" y="200" width="40" height="172"/>
    <SubTexture name="mapa_de_bits_12" x="894" y="374" width="35" height="172"/>
    <SubTexture name="mapa_de_bits_13" x="954" y="356" width="37" height="171"/>
    <SubTexture name="mapa_de_bits_14" x="843" y="342" width="49" height="144"/>
    <SubTexture name="mapa_de_bits_15" x="585" y="310" width="34" height="70"/>
    <SubTexture name="mapa_de_bits_16" x="621" y="299" width="15" height="30"/>
    <SubTexture name="mapa_de_bits_24" x="955" y="2" width="64" height="153"/>
    <SubTexture name="mapa_de_bits_25" x="2" y="782" width="94" height="229"/>
    <SubTexture name="mapa_de_bits_26" x="525" y="740" width="112" height="265"/>
    <SubTexture name="mapa_de_bits_27" x="442" y="2" width="90" height="314"/>
    <SubTexture name="mapa_de_bits_28" x="63" y="423" width="80" height="341"/>
    <SubTexture name="mapa_de_bits_29" x="210" y="423" width="59" height="317"/>
    <SubTexture name="mapa_de_bits_30" x="442" y="318" width="47" height="98"/>
    <SubTexture name="mapa_de_bits_31" x="535" y="310" width="48" height="104"/>
    <SubTexture name="mapa_de_bits_32" x="2" y="423" width="59" height="357"/>
    <SubTexture name="mapa_de_bits_33" x="145" y="423" width="63" height="331"/>
    <SubTexture name="mapa_de_bits_34" x="534" y="2" width="64" height="306"/>
    <SubTexture name="mapa_de_bits_35" x="363" y="740" width="76" height="282"/>
    <SubTexture name="mapa_de_bits_36" x="441" y="740" width="82" height="268"/>
    <SubTexture name="mapa_de_bits_37" x="859" y="2" width="94" height="196"/>
    <SubTexture name="mapa_de_bits_38" x="955" y="157" width="51" height="150"/>
    <SubTexture name="mapa_de_bits_8" x="606" y="414" width="24" height="45"/>
    <SubTexture name="mapa_de_bits_9" x="491" y="318" width="42" height="84"/>
    <SubTexture name="right_wing__" x="807" y="706" width="189" height="156"/>
    <SubTexture name="right_wing___" x="807" y="548" width="189" height="156"/>
</TextureAtlas>
