<?xml version="1.0" encoding="UTF-8"?>
<!-- Created with TexturePacker http://www.codeandweb.com/texturepacker-->
<!-- $TexturePacker:SmartUpdate:3bda4e168bae349e4c028ad97ae9c700:c5cb7116ed5997cc9df4072f0a90ecf8:95132a6608768a1f26f132ca1d772676$ -->
<TextureAtlas imagePath="shuffled_cards_anim_HD_tweened_dxt5.dds" scale="0.84375">
    <SubTexture name="SPAM_RearrangedBitmap1542957562" x="295" y="507" width="222" height="12" frameX="-13" frameY="-1" frameWidth="248" frameHeight="18"/>
    <SubTexture name="SPAM_RearrangedBitmap2109201241" x="451" y="733" width="141" height="200"/>
    <SubTexture name="SPAM_RearrangedBitmap29130765" x="738" y="776" width="129" height="200"/>
    <SubTexture name="SPAM_RearrangedBitmap3277260825" x="282" y="1010" width="160" height="11" frameX="-7" frameY="-2" frameWidth="178" frameHeight="17"/>
    <SubTexture name="SPAM_RearrangedBitmap3758818261" x="295" y="521" width="203" height="25" frameX="-7" frameY="-3" frameWidth="223" frameHeight="37"/>
    <SubTexture name="SPAM_RearrangedBitmap4013989714" x="594" y="776" width="142" height="200"/>
    <SubTexture name="SPAM_RearrangedBitmap4077509624" x="782" y="574" width="136" height="200"/>
    <SubTexture name="SPAM_RearrangedBitmap4326876870" x="295" y="507" width="222" height="12" frameX="-13" frameY="-1" frameWidth="248" frameHeight="18"/>
    <SubTexture name="SPAM_RearrangedBitmap4482183566" x="295" y="521" width="203" height="25" frameX="-7" frameY="-3" frameWidth="223" frameHeight="37"/>
    <SubTexture name="SPAM_RearrangedBitmap5265554453" x="638" y="574" width="142" height="200"/>
    <SubTexture name="SPAM_RearrangedBitmap5556315498" x="869" y="776" width="132" height="200"/>
    <SubTexture name="SPAM_RearrangedBitmap5584909574" x="295" y="507" width="222" height="12" frameX="-13" frameY="-1" frameWidth="248" frameHeight="18"/>
    <SubTexture name="SPAM_RearrangedBitmap5670693666" x="295" y="507" width="222" height="12" frameX="-13" frameY="-1" frameWidth="248" frameHeight="18"/>
    <SubTexture name="SPAM_RearrangedBitmap669860168" x="295" y="521" width="203" height="25" frameX="-7" frameY="-3" frameWidth="223" frameHeight="37"/>
    <SubTexture name="SPAM_RearrangedBitmap6983673924" x="295" y="521" width="203" height="25" frameX="-7" frameY="-3" frameWidth="223" frameHeight="37"/>
    <SubTexture name="SPAM_RearrangedBitmap7895575093" x="282" y="1010" width="160" height="11" frameX="-7" frameY="-2" frameWidth="178" frameHeight="17"/>
    <SubTexture name="SPAM_RearrangedBitmap8126970198" x="282" y="1010" width="160" height="11" frameX="-7" frameY="-2" frameWidth="178" frameHeight="17"/>
    <SubTexture name="SPAM_RearrangedBitmap8449238453" x="930" y="2" width="85" height="200"/>
    <SubTexture name="SPAM_RearrangedBitmap8653180432" x="282" y="1010" width="160" height="11" frameX="-7" frameY="-2" frameWidth="178" frameHeight="17"/>
    <SubTexture name="SPAM_RearrangedBitmap9133181788" x="295" y="507" width="222" height="12" frameX="-13" frameY="-1" frameWidth="248" frameHeight="18"/>
    <SubTexture name="SPAM_RearrangedBitmap9649242495" x="282" y="1010" width="160" height="11" frameX="-7" frameY="-2" frameWidth="178" frameHeight="17"/>
    <SubTexture name="SPAM_RearrangedBitmap9708525171" x="295" y="521" width="203" height="25" frameX="-7" frameY="-3" frameWidth="223" frameHeight="37"/>
    <SubTexture name="SPAM_RearrangedBitmap9992403159" x="887" y="285" width="119" height="200"/>
    <SubTexture name="bitmap_1" x="287" y="625" width="1" height="1" frameX="0" frameY="0" frameWidth="3" frameHeight="1"/>
    <SubTexture name="card_back_l_small_png" x="2" y="2" width="291" height="419" frameX="-2" frameY="-2" frameWidth="293" frameHeight="421"/>
    <SubTexture name="copia_mapa_de_bits_12" x="594" y="286" width="269" height="93" frameX="-5" frameY="-1" frameWidth="277" frameHeight="97"/>
    <SubTexture name="copia_mapa_de_bits_13" x="2" y="926" width="278" height="94" frameX="-3" frameY="0" frameWidth="284" frameHeight="96"/>
    <SubTexture name="copia_mapa_de_bits_15" x="2" y="625" width="283" height="98" frameX="-3" frameY="0" frameWidth="291" frameHeight="98"/>
    <SubTexture name="mapa_de_bits_10" x="486" y="574" width="150" height="133" frameX="-4" frameY="-58" frameWidth="160" frameHeight="259"/>
    <SubTexture name="mapa_de_bits_12" x="295" y="237" width="297" height="169" frameX="-8" frameY="-83" frameWidth="313" frameHeight="349"/>
    <SubTexture name="mapa_de_bits_13" x="295" y="2" width="312" height="233" frameX="-3" frameY="-40" frameWidth="324" frameHeight="317"/>
    <SubTexture name="mapa_de_bits_14" x="609" y="2" width="319" height="199" frameX="-6" frameY="-22" frameWidth="339" frameHeight="285"/>
    <SubTexture name="mapa_de_bits_15" x="584" y="473" width="209" height="99" frameX="-1" frameY="0" frameWidth="215" frameHeight="101"/>
    <SubTexture name="mapa_de_bits_16" x="2" y="423" width="291" height="100" frameX="-3" frameY="0" frameWidth="297" frameHeight="104"/>
    <SubTexture name="mapa_de_bits_17" x="295" y="408" width="287" height="97" frameX="-5" frameY="-6" frameWidth="299" frameHeight="107"/>
    <SubTexture name="mapa_de_bits_18" x="2" y="525" width="286" height="98" frameX="-4" frameY="-7" frameWidth="296" frameHeight="112"/>
    <SubTexture name="mapa_de_bits_19" x="2" y="725" width="281" height="97" frameX="-5" frameY="-4" frameWidth="291" frameHeight="103"/>
    <SubTexture name="mapa_de_bits_2" x="285" y="733" width="164" height="201" frameX="-3" frameY="0" frameWidth="172" frameHeight="205"/>
    <SubTexture name="mapa_de_bits_20" x="2" y="824" width="278" height="100" frameX="-3" frameY="-2" frameWidth="286" frameHeight="102"/>
    <SubTexture name="mapa_de_bits_21" x="609" y="203" width="274" height="81" frameX="-4" frameY="-4" frameWidth="286" frameHeight="89"/>
    <SubTexture name="mapa_de_bits_33" x="887" y="487" width="109" height="37" frameX="-5" frameY="-4" frameWidth="121" frameHeight="43"/>
    <SubTexture name="mapa_de_bits_34" x="437" y="936" width="155" height="65" frameX="-4" frameY="-3" frameWidth="163" frameHeight="71"/>
    <SubTexture name="mapa_de_bits_35" x="282" y="936" width="153" height="72" frameX="-3" frameY="-4" frameWidth="161" frameHeight="78"/>
    <SubTexture name="mapa_de_bits_36" x="885" y="204" width="130" height="79" frameX="-4" frameY="-1" frameWidth="150" frameHeight="81"/>
    <SubTexture name="mapa_de_bits_37" x="795" y="473" width="90" height="79" frameX="0" frameY="-3" frameWidth="100" frameHeight="87"/>
    <SubTexture name="mapa_de_bits_38" x="519" y="507" width="61" height="59" frameX="-5" frameY="-5" frameWidth="73" frameHeight="69"/>
    <SubTexture name="mapa_de_bits_39" x="920" y="526" width="58" height="60" frameX="-11" frameY="-1" frameWidth="74" frameHeight="66"/>
    <SubTexture name="mapa_de_bits_6" x="594" y="381" width="267" height="90" frameX="-27" frameY="-16" frameWidth="305" frameHeight="108"/>
    <SubTexture name="mapa_de_bits_9" x="290" y="548" width="194" height="183" frameX="-3" frameY="-22" frameWidth="202" frameHeight="241"/>
</TextureAtlas>
