<?xml version="1.0" encoding="UTF-8"?>
<!-- Created with TexturePacker http://www.codeandweb.com/texturepacker-->
<!-- $TexturePacker:SmartUpdate:686b8b67d7f6c7c0d8d4f7c4df91782f:fc00e6ecf795eda92998af66028f2043:76348ab4829ec21b78887a6c5f4f165f$ -->
<TextureAtlas imagePath="2091_dragon_topaz_1_HD_tweened_dxt5_map.dds" scale="1.166015625">
    <SubTexture name="layer_001_png" x="353" y="362" width="48" height="53"/>
    <SubTexture name="layer_002_png" x="423" y="330" width="34" height="24"/>
    <SubTexture name="layer_003_png" x="341" y="235" width="57" height="30"/>
    <SubTexture name="layer_004_png" x="342" y="299" width="50" height="30"/>
    <SubTexture name="layer_005_png" x="394" y="306" width="29" height="22"/>
    <SubTexture name="layer_006_png" x="374" y="417" width="32" height="27"/>
    <SubTexture name="layer_007_png" x="455" y="421" width="36" height="19"/>
    <SubTexture name="layer_008_png" x="156" y="138" width="22" height="61"/>
    <SubTexture name="layer_009_png" x="292" y="267" width="48" height="54"/>
    <SubTexture name="layer_010_png" x="160" y="63" width="41" height="44"/>
    <SubTexture name="layer_011_png" x="163" y="323" width="52" height="44"/>
    <SubTexture name="layer_012_png" x="377" y="331" width="44" height="27"/>
    <SubTexture name="layer_013_png" x="400" y="230" width="24" height="19"/>
    <SubTexture name="layer_014_png" x="340" y="426" width="32" height="20"/>
    <SubTexture name="layer_015_png" x="306" y="426" width="32" height="20"/>
    <SubTexture name="layer_016_png" x="354" y="135" width="18" height="23"/>
    <SubTexture name="layer_017_png" x="493" y="276" width="13" height="29"/>
    <SubTexture name="layer_018_png" x="341" y="197" width="11" height="36"/>
    <SubTexture name="layer_019_png" x="425" y="314" width="36" height="11"/>
    <SubTexture name="layer_020_png" x="243" y="118" width="36" height="16"/>
    <SubTexture name="layer_021_png" x="243" y="323" width="27" height="40"/>
    <SubTexture name="layer_022_png" x="115" y="323" width="46" height="45"/>
    <SubTexture name="layer_023_png" x="267" y="365" width="37" height="82"/>
    <SubTexture name="layer_024_png" x="451" y="442" width="33" height="22"/>
    <SubTexture name="layer_025_png" x="400" y="251" width="23" height="29"/>
    <SubTexture name="layer_026_png" x="281" y="118" width="45" height="15"/>
    <SubTexture name="layer_027_png" x="328" y="118" width="44" height="15"/>
    <SubTexture name="layer_028_png" x="354" y="160" width="17" height="62"/>
    <SubTexture name="layer_029_png" x="133" y="471" width="46" height="39"/>
    <SubTexture name="layer_030_png" x="180" y="138" width="38" height="60"/>
    <SubTexture name="layer_031_png" x="373" y="191" width="52" height="37"/>
    <SubTexture name="layer_032_png" x="278" y="449" width="48" height="55"/>
    <SubTexture name="layer_033_png" x="408" y="413" width="27" height="24"/>
    <SubTexture name="layer_034_png" x="181" y="453" width="32" height="57"/>
    <SubTexture name="layer_035_png" x="342" y="267" width="50" height="30"/>
    <SubTexture name="layer_036_png" x="394" y="282" width="29" height="22"/>
    <SubTexture name="layer_037_png" x="339" y="331" width="36" height="29"/>
    <SubTexture name="layer_038_png" x="443" y="400" width="36" height="19"/>
    <SubTexture name="layer_039_png" x="226" y="197" width="113" height="68"/>
    <SubTexture name="layer_040_png" x="399" y="2" width="104" height="74"/>
    <SubTexture name="layer_041_png" x="72" y="372" width="59" height="127"/>
    <SubTexture name="layer_042_png" x="427" y="191" width="83" height="31"/>
    <SubTexture name="layer_043_png" x="403" y="360" width="38" height="51"/>
    <SubTexture name="layer_044_png" x="203" y="118" width="38" height="18"/>
    <SubTexture name="layer_045_png" x="443" y="364" width="57" height="34"/>
    <SubTexture name="layer_046_png" x="425" y="276" width="66" height="36"/>
    <SubTexture name="layer_047_png" x="374" y="118" width="130" height="71"/>
    <SubTexture name="layer_048_png" x="2" y="118" width="152" height="81"/>
    <SubTexture name="layer_049_png" x="2" y="2" width="200" height="59"/>
    <SubTexture name="layer_050_png" x="2" y="63" width="156" height="53"/>
    <SubTexture name="layer_051_png" x="328" y="448" width="30" height="54"/>
    <SubTexture name="layer_052_png" x="217" y="323" width="24" height="44"/>
    <SubTexture name="layer_053_png" x="399" y="78" width="100" height="38"/>
    <SubTexture name="layer_054_png" x="133" y="370" width="37" height="99"/>
    <SubTexture name="layer_055_png" x="73" y="201" width="151" height="120"/>
    <SubTexture name="layer_056_png" x="172" y="369" width="93" height="82"/>
    <SubTexture name="layer_057_png" x="215" y="453" width="61" height="55"/>
    <SubTexture name="layer_058_png" x="427" y="224" width="73" height="50"/>
    <SubTexture name="layer_059_png" x="204" y="2" width="193" height="114"/>
    <SubTexture name="layer_060_png" x="220" y="138" width="132" height="57"/>
    <SubTexture name="layer_061_png" x="2" y="372" width="68" height="132"/>
    <SubTexture name="layer_062_png" x="73" y="323" width="40" height="46"/>
    <SubTexture name="layer_063_png" x="2" y="506" width="16" height="4"/>
    <SubTexture name="layer_064_png" x="463" y="314" width="38" height="48"/>
    <SubTexture name="layer_065_png" x="2" y="201" width="69" height="169"/>
    <SubTexture name="layer_066_png" x="306" y="362" width="45" height="62"/>
    <SubTexture name="layer_067_png" x="360" y="448" width="57" height="53"/>
    <SubTexture name="layer_068_png" x="419" y="439" width="30" height="36"/>
    <SubTexture name="layer_069_png" x="226" y="267" width="64" height="54"/>
    <SubTexture name="layer_070_png" x="272" y="323" width="65" height="37"/>
    <SubTexture name="layer_071_png" x="160" y="109" width="41" height="27"/>
    <SubTexture name="layer_072_png" x="481" y="400" width="27" height="19"/>
    <SubTexture name="layer_073_png" x="455" y="478" width="31" height="20"/>
    <SubTexture name="layer_074_png" x="419" y="477" width="34" height="22"/>
    <SubTexture name="part_017_png" x="486" y="442" width="22" height="34"/>
</TextureAtlas>
