<?xml version="1.0" encoding="UTF-8"?>
<!-- Created with TexturePacker http://www.codeandweb.com/texturepacker-->
<!-- $TexturePacker:SmartUpdate:7722a6f1de2569a7640307c92a49d623:d66451bdd89f330e111a392644e5b7ed:cba4ba55c01cd7c08619695207e75d09$ -->
<TextureAtlas imagePath="2091_dragon_topaz_1_HD_tweened_dxt5.dds" scale="1.15576171875">
    <SubTexture name="SPAM_RearrangedBitmap1542957562" x="2" y="503" width="45" height="4"/>
    <SubTexture name="SPAM_RearrangedBitmap2109201241_fx" x="490" y="145" width="18" height="18" frameX="0" frameY="0" frameWidth="20" frameHeight="20"/>
    <SubTexture name="SPAM_RearrangedBitmap3277260825" x="369" y="430" width="69" height="9"/>
    <SubTexture name="SPAM_RearrangedBitmap3758818261" x="391" y="105" width="92" height="9"/>
    <SubTexture name="SPAM_RearrangedBitmap4326876870_fx" x="489" y="433" width="19" height="17" frameX="0" frameY="0" frameWidth="23" frameHeight="19"/>
    <SubTexture name="SPAM_RearrangedBitmap4482183566" x="226" y="494" width="46" height="16" frameX="0" frameY="0" frameWidth="48" frameHeight="18"/>
    <SubTexture name="SPAM_RearrangedBitmap5584909574" x="2" y="491" width="93" height="10"/>
    <SubTexture name="SPAM_RearrangedBitmap6983673924_fx" x="471" y="437" width="16" height="18" frameX="0" frameY="0" frameWidth="20" frameHeight="20"/>
    <SubTexture name="SPAM_RearrangedBitmap8449238453_fx" x="358" y="304" width="16" height="15" frameX="0" frameY="0" frameWidth="20" frameHeight="19"/>
    <SubTexture name="SPAM_RearrangedBitmap8653180432" x="435" y="171" width="75" height="8"/>
    <SubTexture name="SPAM_RearrangedBitmap9649242495_fx" x="485" y="98" width="19" height="15" frameX="0" frameY="0" frameWidth="23" frameHeight="17"/>
    <SubTexture name="layer_001_png" x="287" y="389" width="48" height="53"/>
    <SubTexture name="layer_002_png" x="476" y="72" width="34" height="24"/>
    <SubTexture name="layer_003_png" x="377" y="360" width="56" height="30"/>
    <SubTexture name="layer_004_png" x="429" y="301" width="49" height="30"/>
    <SubTexture name="layer_005_png" x="423" y="407" width="28" height="21"/>
    <SubTexture name="layer_006_png" x="478" y="181" width="32" height="27"/>
    <SubTexture name="layer_007_png" x="405" y="441" width="35" height="19"/>
    <SubTexture name="layer_008_png" x="480" y="370" width="21" height="61"/>
    <SubTexture name="layer_009_png" x="377" y="304" width="48" height="54"/>
    <SubTexture name="layer_010_png" x="435" y="333" width="41" height="43"/>
    <SubTexture name="layer_011_png" x="282" y="444" width="52" height="43"/>
    <SubTexture name="layer_012_png" x="435" y="378" width="43" height="27"/>
    <SubTexture name="layer_013_png" x="441" y="481" width="24" height="19"/>
    <SubTexture name="layer_014_png" x="345" y="490" width="32" height="20"/>
    <SubTexture name="layer_015_png" x="478" y="348" width="32" height="20"/>
    <SubTexture name="layer_016_png" x="467" y="481" width="18" height="23"/>
    <SubTexture name="layer_017_png" x="490" y="115" width="13" height="28"/>
    <SubTexture name="layer_018_png" x="235" y="404" width="11" height="35"/>
    <SubTexture name="layer_019_png" x="405" y="462" width="35" height="11"/>
    <SubTexture name="layer_020_png" x="442" y="463" width="35" height="16"/>
    <SubTexture name="layer_021_png" x="480" y="306" width="27" height="40"/>
    <SubTexture name="layer_022_png" x="430" y="181" width="46" height="45"/>
    <SubTexture name="layer_023_png" x="96" y="407" width="36" height="82"/>
    <SubTexture name="layer_024_png" x="310" y="489" width="33" height="21"/>
    <SubTexture name="layer_025_png" x="453" y="407" width="23" height="28"/>
    <SubTexture name="layer_026_png" x="134" y="495" width="45" height="15"/>
    <SubTexture name="layer_027_png" x="181" y="495" width="43" height="15"/>
    <SubTexture name="layer_028_png" x="287" y="199" width="17" height="62"/>
    <SubTexture name="layer_029_png" x="434" y="228" width="46" height="39"/>
    <SubTexture name="layer_030_png" x="287" y="327" width="38" height="60"/>
    <SubTexture name="layer_031_png" x="369" y="392" width="52" height="36"/>
    <SubTexture name="layer_032_png" x="327" y="322" width="48" height="55"/>
    <SubTexture name="layer_033_png" x="442" y="437" width="27" height="24"/>
    <SubTexture name="layer_034_png" x="248" y="429" width="32" height="56"/>
    <SubTexture name="layer_035_png" x="429" y="269" width="49" height="30"/>
    <SubTexture name="layer_036_png" x="482" y="210" width="28" height="21"/>
    <SubTexture name="layer_037_png" x="321" y="292" width="35" height="28"/>
    <SubTexture name="layer_038_png" x="97" y="491" width="35" height="19"/>
    <SubTexture name="layer_039_png" x="395" y="2" width="112" height="68"/>
    <SubTexture name="layer_040_png" x="143" y="329" width="104" height="73"/>
    <SubTexture name="layer_041_png" x="307" y="117" width="58" height="125"/>
    <SubTexture name="layer_042_png" x="391" y="72" width="83" height="31"/>
    <SubTexture name="layer_043_png" x="351" y="62" width="38" height="50"/>
    <SubTexture name="layer_044_png" x="362" y="470" width="38" height="18"/>
    <SubTexture name="layer_045_png" x="73" y="371" width="56" height="34"/>
    <SubTexture name="layer_046_png" x="367" y="229" width="65" height="35"/>
    <SubTexture name="layer_047_png" x="143" y="257" width="129" height="70"/>
    <SubTexture name="layer_048_png" x="154" y="117" width="151" height="80"/>
    <SubTexture name="layer_049_png" x="195" y="2" width="198" height="58"/>
    <SubTexture name="layer_050_png" x="195" y="62" width="154" height="53"/>
    <SubTexture name="layer_051_png" x="337" y="379" width="30" height="54"/>
    <SubTexture name="layer_052_png" x="336" y="444" width="24" height="43"/>
    <SubTexture name="layer_053_png" x="134" y="404" width="99" height="38"/>
    <SubTexture name="layer_054_png" x="249" y="329" width="36" height="98"/>
    <SubTexture name="layer_055_png" x="2" y="117" width="150" height="119"/>
    <SubTexture name="layer_056_png" x="2" y="407" width="92" height="82"/>
    <SubTexture name="layer_057_png" x="367" y="172" width="61" height="55"/>
    <SubTexture name="layer_058_png" x="134" y="444" width="72" height="49"/>
    <SubTexture name="layer_059_png" x="2" y="2" width="191" height="113"/>
    <SubTexture name="layer_060_png" x="154" y="199" width="131" height="56"/>
    <SubTexture name="layer_061_png" x="73" y="238" width="68" height="131"/>
    <SubTexture name="layer_062_png" x="321" y="244" width="40" height="46"/>
    <SubTexture name="layer_063_png" x="490" y="165" width="16" height="4"/>
    <SubTexture name="layer_064_png" x="208" y="444" width="38" height="48"/>
    <SubTexture name="layer_065_png" x="2" y="238" width="69" height="167"/>
    <SubTexture name="layer_066_png" x="274" y="263" width="45" height="62"/>
    <SubTexture name="layer_067_png" x="432" y="116" width="56" height="53"/>
    <SubTexture name="layer_068_png" x="480" y="269" width="30" height="35"/>
    <SubTexture name="layer_069_png" x="367" y="116" width="63" height="54"/>
    <SubTexture name="layer_070_png" x="363" y="266" width="64" height="36"/>
    <SubTexture name="layer_071_png" x="362" y="441" width="41" height="27"/>
    <SubTexture name="layer_072_png" x="412" y="475" width="27" height="19"/>
    <SubTexture name="layer_073_png" x="379" y="490" width="31" height="20"/>
    <SubTexture name="layer_074_png" x="274" y="489" width="34" height="21"/>
    <SubTexture name="part_017_png" x="482" y="233" width="21" height="34"/>
</TextureAtlas>
