<?xml version="1.0" encoding="UTF-8"?>
<!-- Created with TexturePacker http://www.codeandweb.com/texturepacker-->
<!-- $TexturePacker:SmartUpdate:a3de956fd35fc4bb3dd9f34166b8b52c:188232321bc12236b95c8ebc1420cc1c:b1ffa19c5feeb4135ca2f1f51c8c08cc$ -->
<TextureAtlas imagePath="0600_treeoflife_building_HD_tweened_dxt5.dds" scale="0.897125244141">
    <SubTexture name="SPAM_RearrangedBitmap5670693666" x="2" y="998" width="15" height="15" frameX="0" frameY="0" frameWidth="17" frameHeight="17"/>
    <SubTexture name="SPAM_RearrangedBitmap669860168" x="2" y="780" width="128" height="129" frameX="-13" frameY="-9" frameWidth="152" frameHeight="147"/>
    <SubTexture name="SPAM_RearrangedBitmap8126970198" x="2" y="911" width="85" height="85"/>
    <SubTexture name="SPAM_RearrangedBitmap9708525171" x="89" y="911" width="63" height="66" frameX="-4" frameY="-2" frameWidth="73" frameHeight="74"/>
    <SubTexture name="bitmap_10" x="195" y="963" width="39" height="59" frameX="-2" frameY="-1" frameWidth="45" frameHeight="65"/>
    <SubTexture name="bitmap_11" x="195" y="902" width="39" height="59" frameX="-2" frameY="-1" frameWidth="45" frameHeight="65"/>
    <SubTexture name="bitmap_12" x="173" y="841" width="39" height="59" frameX="-2" frameY="-1" frameWidth="45" frameHeight="65"/>
    <SubTexture name="bitmap_13" x="173" y="780" width="39" height="59" frameX="-3" frameY="-2" frameWidth="45" frameHeight="65"/>
    <SubTexture name="bitmap_3" x="2" y="1015" width="1" height="1" frameX="0" frameY="0" frameWidth="45" frameHeight="65"/>
    <SubTexture name="bitmap_4" x="214" y="839" width="37" height="55" frameX="-3" frameY="-4" frameWidth="45" frameHeight="65"/>
    <SubTexture name="bitmap_5" x="214" y="780" width="37" height="57" frameX="-4" frameY="-3" frameWidth="45" frameHeight="65"/>
    <SubTexture name="bitmap_6" x="154" y="963" width="39" height="59" frameX="-2" frameY="-1" frameWidth="45" frameHeight="65"/>
    <SubTexture name="bitmap_7" x="154" y="902" width="39" height="59" frameX="-2" frameY="-1" frameWidth="45" frameHeight="65"/>
    <SubTexture name="bitmap_8" x="132" y="841" width="39" height="59" frameX="-2" frameY="-1" frameWidth="45" frameHeight="65"/>
    <SubTexture name="bitmap_9" x="132" y="780" width="39" height="59" frameX="-2" frameY="-1" frameWidth="45" frameHeight="65"/>
    <SubTexture name="work_png" x="2" y="2" width="1020" height="776"/>
</TextureAtlas>
